Sample,Delta_C,Total_C ,Delta_N,Total_N ,CN_Ratio
Ax_ChlS,-16.05,1604.34,9.93,279.17,5.74686575
Ax_CoeM,-18.90,2125.98,13.67,404.11,5.260942719
Ax_MonMin,-17.13,2380.43,15.89,367.86,6.471000251
Ax_SceA,-15.31,1215.11,7.10,164.81,7.372991795
Ax_SelCap,-18.08,1333.04,11.81,206.29,6.462103319
,,,,,
Average,-17.09245,1731.77872,11.68029,284.44514,6.26278
